UNICODE,I_TRIAT,P_TRIAT,FECHA,CICLO,TRATADA,RENUENTE,CERRADA,DESHABITADA,LOCAL_PUBLICO,LOTE_VACIO,,,,
1.13.56.88,0,0,17/09/2007,1,0,0,0,1,0,0,,CORREGIR EN EL CSV,,
1.13.85.160A,0,0,22/08/2008,1,1,0,0,0,0,0,,,,
1.13.56.88,0,0,30/04/2008,2,0,0,0,1,0,0,,CORREGIR EN EL CSV,,
1.13.75.439A,0,0,10/12/2008,2,1,0,0,0,0,0,,dentro ,,
1.13.10.1001,0,0,0,1,0,1,0,0,0,0,,ARREGLAR EN LA BASE ,,
1.13.10.1002,0,0,0,1,0,0,1,0,0,0,,ARREGLAR EN LA BASE ,,
1.13.10.1006,0,0,0,1,0,0,1,0,0,0,,ARREGLAR EN LA BASE ,,
1.13.10.1009,0,0,0,1,0,0,1,0,0,0,,ARREGLAR EN LA BASE ,,
1.13.10.1012,0,0,0,1,0,1,0,0,0,0,,ARREGLAR EN LA BASE ,,
1.13.10.1013,0,0,0,1,0,1,0,0,0,0,,ARREGLAR EN LA BASE ,,
1.13.10.1017,0,0,0,1,0,0,1,0,0,0,,ARREGLAR EN LA BASE ,,
1.13.10.1018,0,0,0,1,0,1,0,0,0,0,,ARREGLAR EN LA BASE ,,
1.13.10.1019,0,0,0,1,0,1,0,0,0,0,,ARREGLAR EN LA BASE ,,
1.13.10.1022,0,0,0,1,0,1,0,0,0,0,,ARREGLAR EN LA BASE ,,
1.13.10.1023,0,0,0,1,0,1,0,0,0,0,,ARREGLAR EN LA BASE ,,
1.13.10.1030,0,0,0,1,0,1,0,0,0,0,,ARREGLAR EN LA BASE ,,
1.13.10.1031,0,0,0,1,0,1,0,0,0,0,,ARREGLAR EN LA BASE ,,
1.13.10.1032,0,0,0,1,0,0,1,0,0,0,,ARREGLAR EN LA BASE ,,
1.13.10.1033,0,0,0,1,0,1,0,0,0,0,,ARREGLAR EN LA BASE ,,
1.13.10.1034,0,0,0,1,0,1,0,0,0,0,,ARREGLAR EN LA BASE ,,
1.13.10.1035,0,0,0,1,0,0,1,0,0,0,,ARREGLAR EN LA BASE ,,
1.13.10.1036,0,0,0,1,0,0,1,0,0,0,,ARREGLAR EN LA BASE ,,
1.13.10.1039,0,0,0,1,0,0,1,0,0,0,,ARREGLAR EN LA BASE ,,
1.13.10.1044,0,0,0,1,0,1,0,0,0,0,,ARREGLAR EN LA BASE ,,
1.13.10.1045,0,0,0,1,0,1,0,0,0,0,,ARREGLAR EN LA BASE ,,
1.13.10.1046,0,0,0,1,0,0,1,0,0,0,,ARREGLAR EN LA BASE ,,
1.13.10.1047,0,0,0,1,0,1,0,0,0,0,,ARREGLAR EN LA BASE ,,
1.13.10.1048,0,0,0,1,0,1,0,0,0,0,,ARREGLAR EN LA BASE ,,
1.13.10.1050,0,0,0,1,0,1,0,0,0,0,,ARREGLAR EN LA BASE ,,
1.13.10.1052,0,0,0,1,0,1,0,0,0,0,,ARREGLAR EN LA BASE ,,
1.13.10.1053,0,0,0,1,0,1,0,0,0,0,,ARREGLAR EN LA BASE ,,
1.13.10.1058,0,0,0,1,0,1,0,0,0,0,,ARREGLAR EN LA BASE ,,
1.13.10.1060,0,0,0,1,0,1,0,0,0,0,,ARREGLAR EN LA BASE ,,
1.13.10.1061,0,0,0,1,0,1,0,0,0,0,,ARREGLAR EN LA BASE ,,
1.13.10.1062,0,0,0,1,0,1,0,0,0,0,,ARREGLAR EN LA BASE ,,
1.13.10.1063,0,0,0,1,0,1,0,0,0,0,,ARREGLAR EN LA BASE ,,
1.13.10.1065,0,0,0,1,0,0,1,0,0,0,,ARREGLAR EN LA BASE ,,
1.13.10.1066,0,0,0,1,0,0,1,0,0,0,,ARREGLAR EN LA BASE ,,
1.13.10.1074,0,0,0,1,0,0,1,0,0,0,,ARREGLAR EN LA BASE ,,
1.13.10.1080,0,0,0,1,0,1,0,0,0,0,,ARREGLAR EN LA BASE ,,
1.13.10.1081,0,0,0,1,0,1,0,0,0,0,,ARREGLAR EN LA BASE ,,
1.13.10.1084,0,0,0,1,0,1,0,0,0,0,,ARREGLAR EN LA BASE ,,
1.13.10.1085,0,0,0,1,0,0,1,0,0,0,,ARREGLAR EN LA BASE ,,
1.13.10.1089,0,0,0,1,0,0,0,1,0,0,,ARREGLAR EN LA BASE ,,
1.13.10.1096,0,0,0,1,0,1,0,0,0,0,,ARREGLAR EN LA BASE ,,
1.13.10.1097,0,0,0,1,0,0,1,0,0,0,,ARREGLAR EN LA BASE ,,
1.13.10.1098,0,0,0,1,0,1,0,0,0,0,,ARREGLAR EN LA BASE ,,
1.13.10.1100,0,0,0,1,0,0,0,1,0,0,,ARREGLAR EN LA BASE ,,
1.13.10.1101,0,0,0,1,0,1,0,0,0,0,,ARREGLAR EN LA BASE ,,
1.13.10.1102,0,0,0,1,0,0,1,0,0,0,,ARREGLAR EN LA BASE ,,
1.13.10.1105,0,0,0,1,0,0,0,1,0,0,,ARREGLAR EN LA BASE ,,
1.13.10.1106,0,0,0,1,0,1,0,0,0,0,,ARREGLAR EN LA BASE ,,
1.13.10.1107,0,0,0,1,0,1,0,0,0,0,,ARREGLAR EN LA BASE ,,
1.13.10.1108,0,0,0,1,0,1,0,0,0,0,,ARREGLAR EN LA BASE ,,
1.13.10.1109,0,0,0,1,0,1,0,0,0,0,,ARREGLAR EN LA BASE ,,
1.13.10.1110,0,0,0,1,0,0,1,0,0,0,,ARREGLAR EN LA BASE ,,
1.13.10.1111,0,0,0,1,0,1,0,0,0,0,,ARREGLAR EN LA BASE ,,
1.13.10.1116,0,0,0,1,0,1,0,0,0,0,,ARREGLAR EN LA BASE ,,
1.13.10.1117,0,0,0,1,0,0,1,0,0,0,,ARREGLAR EN LA BASE ,,
1.13.10.1127,0,0,0,1,0,0,1,0,0,0,,ARREGLAR EN LA BASE ,,
1.13.10.1128,0,0,0,1,0,0,1,0,0,0,,ARREGLAR EN LA BASE ,,
1.13.10.1130,0,0,0,1,0,1,0,0,0,0,,ARREGLAR EN LA BASE ,,
1.13.10.1131,0,0,0,1,0,1,0,0,0,0,,ARREGLAR EN LA BASE ,,
1.13.10.1132,0,0,0,1,0,1,0,0,0,0,,ARREGLAR EN LA BASE ,,
1.13.10.1133,0,0,0,1,0,1,0,0,0,0,,ARREGLAR EN LA BASE ,,
1.13.10.1134,0,0,0,1,0,1,0,0,0,0,,ARREGLAR EN LA BASE ,,
1.13.10.1136,0,0,0,1,0,0,1,0,0,0,,ARREGLAR EN LA BASE ,,
1.13.10.1137,0,0,0,1,0,1,0,0,0,0,,ARREGLAR EN LA BASE ,,
1.13.10.1138,0,0,0,1,0,0,1,0,0,0,,ARREGLAR EN LA BASE ,,
1.13.10.1140,0,0,0,1,0,1,0,0,0,0,,ARREGLAR EN LA BASE ,,
1.13.10.1142,0,0,0,1,0,1,0,0,0,0,,ARREGLAR EN LA BASE ,,
1.13.10.1144,0,0,0,1,0,1,0,0,0,0,,ARREGLAR EN LA BASE ,,
1.13.10.1145,0,0,0,1,0,1,0,0,0,0,,ARREGLAR EN LA BASE ,,
1.13.10.1148,0,0,0,1,0,1,0,0,0,0,,ARREGLAR EN LA BASE ,,
1.13.10.1151,0,0,0,1,0,0,0,1,0,0,,ARREGLAR EN LA BASE ,,
1.13.10.1155,0,0,0,1,0,1,0,0,0,0,,ARREGLAR EN LA BASE ,,
1.13.10.1158,0,0,0,1,0,0,0,1,0,0,,ARREGLAR EN LA BASE ,,
1.13.10.1162,0,0,0,1,0,1,0,0,0,0,,ARREGLAR EN LA BASE ,,
1.13.10.1164,0,0,0,1,0,0,1,0,0,0,,ARREGLAR EN LA BASE ,,
1.13.10.1165,0,0,0,1,0,0,1,0,0,0,,ARREGLAR EN LA BASE ,,
1.13.10.1167,0,0,0,1,0,0,1,0,0,0,,ARREGLAR EN LA BASE ,,
1.13.10.1168,0,0,0,1,0,0,1,0,0,0,,ARREGLAR EN LA BASE ,,
1.13.10.1184,0,0,0,1,0,0,1,0,0,0,,ARREGLAR EN LA BASE ,,
1.13.10.1185,0,0,0,1,0,0,1,0,0,0,,ARREGLAR EN LA BASE ,,
1.13.10.1186,0,0,0,1,0,1,0,0,0,0,,ARREGLAR EN LA BASE ,,
1.13.10.1196,0,0,0,1,0,1,0,0,0,0,,ARREGLAR EN LA BASE ,,
1.13.10.1197,0,0,0,1,0,1,0,0,0,0,,ARREGLAR EN LA BASE ,,
1.13.10.1212,0,0,0,1,0,1,0,0,0,0,,ARREGLAR EN LA BASE ,,
1.13.10.1213,0,0,0,1,0,0,0,1,0,0,,ARREGLAR EN LA BASE ,,
1.13.10.1216,0,0,0,1,0,1,0,0,0,0,,ARREGLAR EN LA BASE ,,
1.13.10.1217,0,0,0,1,0,0,1,0,0,0,,ARREGLAR EN LA BASE ,,
1.13.10.1219,0,0,0,1,0,0,1,0,0,0,,ARREGLAR EN LA BASE ,,
1.13.10.1227,0,0,0,1,0,1,0,0,0,0,,ARREGLAR EN LA BASE ,,
1.13.10.1228,0,0,0,1,0,1,0,0,0,0,,ARREGLAR EN LA BASE ,,
1.13.10.1229,0,0,0,1,0,1,0,0,0,0,,ARREGLAR EN LA BASE ,,
1.13.10.1233,0,0,0,1,0,1,0,0,0,0,,ARREGLAR EN LA BASE ,,
1.13.10.1237,0,0,0,1,0,1,0,0,0,0,,ARREGLAR EN LA BASE ,,
1.13.10.1239,0,0,0,1,0,0,1,0,0,0,,ARREGLAR EN LA BASE ,,
1.13.10.1240,0,0,0,1,0,0,1,0,0,0,,ARREGLAR EN LA BASE ,,
1.13.10.1242,0,0,0,1,0,1,0,0,0,0,,ARREGLAR EN LA BASE ,,
1.13.10.1249,0,0,0,1,0,0,1,0,0,0,,ARREGLAR EN LA BASE ,,
1.13.10.1250,0,0,0,1,0,1,0,0,0,0,,ARREGLAR EN LA BASE ,,
1.13.10.1251,0,0,0,1,0,1,0,0,0,0,,ARREGLAR EN LA BASE ,,
1.13.10.1252,0,0,0,1,0,1,0,0,0,0,,ARREGLAR EN LA BASE ,,
1.13.10.1253,0,0,0,1,0,1,0,0,0,0,,ARREGLAR EN LA BASE ,,
1.13.10.1256,0,0,0,1,0,1,0,0,0,0,,ARREGLAR EN LA BASE ,,
1.13.10.1257,0,0,0,1,0,1,0,0,0,0,,ARREGLAR EN LA BASE ,,
1.13.10.1258,0,0,0,1,0,1,0,0,0,0,,ARREGLAR EN LA BASE ,,
1.13.10.1259,0,0,0,1,0,1,0,0,0,0,,ARREGLAR EN LA BASE ,,
1.13.10.1260,0,0,0,1,0,1,0,0,0,0,,ARREGLAR EN LA BASE ,,
1.13.10.1261,0,0,0,1,0,1,0,0,0,0,,ARREGLAR EN LA BASE ,,
1.13.10.1264,0,0,0,1,0,1,0,0,0,0,,ARREGLAR EN LA BASE ,,
1.13.10.1267,0,0,0,1,0,1,0,0,0,0,,ARREGLAR EN LA BASE ,,
1.13.10.1270,0,0,0,1,0,0,1,0,0,0,,ARREGLAR EN LA BASE ,,
1.13.10.1271,0,0,0,1,0,0,1,0,0,0,,ARREGLAR EN LA BASE ,,
1.13.10.1273,0,0,0,1,0,1,0,0,0,0,,ARREGLAR EN LA BASE ,,
1.13.10.1274,0,0,0,1,0,1,0,0,0,0,,ARREGLAR EN LA BASE ,,
1.13.10.1277,0,0,0,1,0,0,1,0,0,0,,ARREGLAR EN LA BASE ,,
1.13.10.1282,0,0,0,1,0,1,0,0,0,0,,ARREGLAR EN LA BASE ,,
1.13.10.1283,0,0,0,1,0,1,0,0,0,0,,ARREGLAR EN LA BASE ,,
1.13.10.1299,0,0,0,1,0,1,0,0,0,0,,ARREGLAR EN LA BASE ,,
1.13.10.1300,0,0,0,1,0,0,0,1,0,0,,ARREGLAR EN LA BASE ,,
1.13.10.1306,0,0,0,1,0,1,0,0,0,0,,ARREGLAR EN LA BASE ,,
1.13.10.1308,0,0,0,1,0,0,1,0,0,0,,ARREGLAR EN LA BASE ,,
1.13.10.1310,0,0,0,1,0,1,0,0,0,0,,ARREGLAR EN LA BASE ,,
1.13.10.1311,0,0,0,1,0,1,0,0,0,0,,ARREGLAR EN LA BASE ,,
1.13.10.1312,0,0,0,1,0,0,1,0,0,0,,ARREGLAR EN LA BASE ,,
1.13.10.1314,0,0,0,1,0,1,0,0,0,0,,ARREGLAR EN LA BASE ,,
1.13.10.1315,0,0,0,1,0,0,1,0,0,0,,ARREGLAR EN LA BASE ,,
1.13.10.1318,0,0,0,1,0,1,0,0,0,0,,ARREGLAR EN LA BASE ,,
1.13.10.1319,0,0,0,1,0,1,0,0,0,0,,ARREGLAR EN LA BASE ,,
1.13.10.1321,0,0,0,1,0,1,0,0,0,0,,ARREGLAR EN LA BASE ,,
1.13.10.1324,0,0,0,1,0,1,0,0,0,0,,ARREGLAR EN LA BASE ,,
1.13.10.1325,0,0,0,1,0,1,0,0,0,0,,ARREGLAR EN LA BASE ,,
1.13.10.1326,0,0,0,1,0,1,0,0,0,0,,ARREGLAR EN LA BASE ,,
1.13.10.1329,0,0,0,1,0,1,0,0,0,0,,ARREGLAR EN LA BASE ,,
1.13.10.1330,0,0,0,1,0,0,1,0,0,0,,ARREGLAR EN LA BASE ,,
1.13.10.1331,0,0,0,1,0,0,0,1,0,0,,ARREGLAR EN LA BASE ,,
1.13.10.1333,0,0,0,1,0,0,1,0,0,0,,ARREGLAR EN LA BASE ,,
1.13.10.1335,0,0,0,1,0,1,0,0,0,0,,ARREGLAR EN LA BASE ,,
1.13.10.1338,0,0,0,1,0,1,0,0,0,0,,ARREGLAR EN LA BASE ,,
1.13.10.1340,0,0,0,1,0,1,0,0,0,0,,ARREGLAR EN LA BASE ,,
1.13.10.1342,0,0,0,1,0,1,0,0,0,0,,ARREGLAR EN LA BASE ,,
1.13.10.1343,0,0,0,1,0,1,0,0,0,0,,ARREGLAR EN LA BASE ,,
1.13.10.1344,0,0,0,1,0,1,0,0,0,0,,ARREGLAR EN LA BASE ,,
1.13.10.1345,0,0,0,1,0,1,0,0,0,0,,ARREGLAR EN LA BASE ,,
1.13.10.1346,0,0,0,1,0,1,0,0,0,0,,ARREGLAR EN LA BASE ,,
1.13.10.1348,0,0,0,1,0,1,0,0,0,0,,ARREGLAR EN LA BASE ,,
1.13.10.1349,0,0,0,1,0,1,0,0,0,0,,ARREGLAR EN LA BASE ,,
1.13.10.1350,0,0,0,1,0,1,0,0,0,0,,ARREGLAR EN LA BASE ,,
1.13.10.1351,0,0,0,1,0,0,0,1,0,0,,ARREGLAR EN LA BASE ,,
1.13.10.1353,0,0,0,1,0,1,0,0,0,0,,ARREGLAR EN LA BASE ,,
1.13.10.1354,0,0,0,1,0,1,0,0,0,0,,ARREGLAR EN LA BASE ,,
1.13.10.1355,0,0,0,1,0,1,0,0,0,0,,ARREGLAR EN LA BASE ,,
1.13.10.1357,0,0,0,1,0,1,0,0,0,0,,ARREGLAR EN LA BASE ,,
1.13.10.1358,0,0,0,1,0,0,0,1,0,0,,ARREGLAR EN LA BASE ,,
1.13.10.1359,0,0,0,1,0,0,1,0,0,0,,ARREGLAR EN LA BASE ,,
1.13.10.1365,0,0,0,1,0,0,0,1,0,0,,ARREGLAR EN LA BASE ,,
1.13.10.1367,0,0,0,1,0,1,0,0,0,0,,ARREGLAR EN LA BASE ,,
1.13.10.1369,0,0,0,1,0,1,0,0,0,0,,ARREGLAR EN LA BASE ,,
1.13.10.1370,0,0,0,1,0,1,0,0,0,0,,ARREGLAR EN LA BASE ,,
1.13.10.1371,0,0,0,1,0,1,0,0,0,0,,ARREGLAR EN LA BASE ,,
1.13.10.1376,0,0,0,1,0,0,1,0,0,0,,ARREGLAR EN LA BASE ,,
1.13.10.1378,0,0,0,1,0,0,0,1,0,0,,ARREGLAR EN LA BASE ,,
1.13.10.1380,0,0,0,1,0,0,1,0,0,0,,ARREGLAR EN LA BASE ,,
1.13.10.1381,0,0,0,1,0,0,1,0,0,0,,ARREGLAR EN LA BASE ,,
1.13.10.1383,0,0,0,1,0,1,0,0,0,0,,ARREGLAR EN LA BASE ,,
1.13.10.1386,0,0,0,1,0,0,1,0,0,0,,ARREGLAR EN LA BASE ,,
1.13.10.1395,0,0,0,1,0,1,0,0,0,0,,ARREGLAR EN LA BASE ,,
1.13.10.1397,0,0,0,1,0,1,0,0,0,0,,ARREGLAR EN LA BASE ,,
1.13.10.1400,0,0,0,1,0,1,0,0,0,0,,ARREGLAR EN LA BASE ,,
1.13.10.1401,0,0,0,1,0,1,0,0,0,0,,ARREGLAR EN LA BASE ,,
1.13.10.1402,0,0,0,1,0,1,0,0,0,0,,ARREGLAR EN LA BASE ,,
1.13.10.1407,0,0,0,1,0,1,0,0,0,0,,ARREGLAR EN LA BASE ,,
1.13.10.1408,0,0,0,1,0,1,0,0,0,0,,ARREGLAR EN LA BASE ,,
1.13.10.1409,0,0,0,1,0,1,0,0,0,0,,ARREGLAR EN LA BASE ,,
1.13.10.1413,0,0,0,1,0,0,0,1,0,0,,ARREGLAR EN LA BASE ,,
1.13.10.1425,0,0,0,1,0,1,0,0,0,0,,ARREGLAR EN LA BASE ,,
1.13.10.1426,0,0,0,1,0,1,0,0,0,0,,ARREGLAR EN LA BASE ,,
1.13.10.1429,0,0,0,1,0,1,0,0,0,0,,ARREGLAR EN LA BASE ,,
1.13.10.1438,0,0,0,1,0,1,0,0,0,0,,ARREGLAR EN LA BASE ,,
1.13.10.1440,0,0,0,1,0,1,0,0,0,0,,ARREGLAR EN LA BASE ,,
1.13.10.1448,0,0,0,1,0,1,0,0,0,0,,ARREGLAR EN LA BASE ,,
1.13.10.1449,0,0,0,1,0,0,1,0,0,0,,ARREGLAR EN LA BASE ,,
1.13.10.1450,0,0,0,1,0,1,0,0,0,0,,ARREGLAR EN LA BASE ,,
1.13.10.1452,0,0,0,1,0,1,0,0,0,0,,ARREGLAR EN LA BASE ,,
1.13.10.1454,0,0,0,1,0,1,0,0,0,0,,ARREGLAR EN LA BASE ,,
1.13.10.1455,0,0,0,1,0,1,0,0,0,0,,ARREGLAR EN LA BASE ,,
1.13.10.1456,0,0,0,1,0,1,0,0,0,0,,ARREGLAR EN LA BASE ,,
1.13.10.1457,0,0,0,1,0,1,0,0,0,0,,ARREGLAR EN LA BASE ,,
1.13.10.1459,0,0,0,1,0,1,0,0,0,0,,ARREGLAR EN LA BASE ,,
1.13.10.1460,0,0,0,1,0,0,0,1,0,0,,ARREGLAR EN LA BASE ,,
1.13.10.1465,0,0,0,1,0,1,0,0,0,0,,ARREGLAR EN LA BASE ,,
1.13.10.1466,0,0,0,1,0,1,0,0,0,0,,ARREGLAR EN LA BASE ,,
1.13.10.1467,0,0,0,1,0,1,0,0,0,0,,ARREGLAR EN LA BASE ,,
1.13.10.1468,0,0,0,1,0,0,0,1,0,0,,ARREGLAR EN LA BASE ,,
1.13.10.1469,0,0,0,1,0,1,0,0,0,0,,ARREGLAR EN LA BASE ,,
1.13.10.1471,0,0,0,1,0,1,0,0,0,0,,ARREGLAR EN LA BASE ,,
1.13.10.1472,0,0,0,1,0,1,0,0,0,0,,ARREGLAR EN LA BASE ,,
1.13.10.1475,0,0,0,1,0,1,0,0,0,0,,ARREGLAR EN LA BASE ,,
1.13.10.1478,0,0,0,1,0,1,0,0,0,0,,ARREGLAR EN LA BASE ,,
1.13.10.1481,0,0,0,1,0,1,0,0,0,0,,ARREGLAR EN LA BASE ,,
1.13.10.1483,0,0,0,1,0,1,0,0,0,0,,ARREGLAR EN LA BASE ,,
1.13.10.1484,0,0,0,1,0,1,0,0,0,0,,ARREGLAR EN LA BASE ,,
1.13.10.1486,0,0,0,1,0,1,0,0,0,0,,ARREGLAR EN LA BASE ,,
1.13.10.1491,0,0,0,1,0,1,0,0,0,0,,ARREGLAR EN LA BASE ,,
1.13.10.1510,0,0,0,1,0,0,1,0,0,0,,ARREGLAR EN LA BASE ,,
1.13.10.1516,0,0,0,1,0,1,0,0,0,0,,ARREGLAR EN LA BASE ,,
1.13.10.1517,0,0,0,1,0,1,0,0,0,0,,ARREGLAR EN LA BASE ,,
1.13.10.297,0,0,0,1,0,1,0,0,0,0,,ARREGLAR EN LA BASE ,,SOLO 296
1.13.10.298,0,0,0,1,0,0,1,0,0,0,,ARREGLAR EN LA BASE ,,
1.13.10.298,0,0,0,1,0,1,0,0,0,0,,ARREGLAR EN LA BASE ,,
1.13.10.299,0,0,0,1,0,0,0,1,0,0,,ARREGLAR EN LA BASE ,,
1.13.10.300,0,0,0,1,0,0,1,0,0,0,,ARREGLAR EN LA BASE ,,
1.13.10.300,0,0,0,1,0,1,0,0,0,0,,ARREGLAR EN LA BASE ,,
1.13.10.301,0,0,0,1,0,1,0,0,0,0,,ARREGLAR EN LA BASE ,,
1.13.10.302,0,0,0,1,0,0,1,0,0,0,,ARREGLAR EN LA BASE ,,
1.13.10.302,0,0,0,1,0,1,0,0,0,0,,ARREGLAR EN LA BASE ,,
1.13.10.306,0,0,0,1,0,0,1,0,0,0,,ARREGLAR EN LA BASE ,,
1.13.10.308,0,0,0,1,0,0,1,0,0,0,,ARREGLAR EN LA BASE ,,
1.13.10.308,0,0,0,1,0,1,0,0,0,0,,ARREGLAR EN LA BASE ,,
1.13.10.309,0,0,0,1,0,0,1,0,0,0,,ARREGLAR EN LA BASE ,,
1.13.10.309,0,0,0,1,0,1,0,0,0,0,,ARREGLAR EN LA BASE ,,
1.13.10.310,0,0,0,1,0,1,0,0,0,0,,ARREGLAR EN LA BASE ,,
1.13.10.311,0,0,0,1,0,0,1,0,0,0,,ARREGLAR EN LA BASE ,,
1.13.10.311,0,0,0,1,0,1,0,0,0,0,,ARREGLAR EN LA BASE ,,
1.13.10.312,0,0,0,1,0,0,1,0,0,0,,ARREGLAR EN LA BASE ,,
1.13.10.313,0,0,0,1,0,0,1,0,0,0,,ARREGLAR EN LA BASE ,,
1.13.10.313,0,0,0,1,0,1,0,0,0,0,,ARREGLAR EN LA BASE ,,
1.13.10.315,0,0,0,1,0,0,0,1,0,0,,ARREGLAR EN LA BASE ,,
1.13.10.315,0,0,0,1,0,1,0,0,0,0,,ARREGLAR EN LA BASE ,,
1.13.10.316,0,0,0,1,0,0,0,1,0,0,,ARREGLAR EN LA BASE ,,
1.13.10.318,0,0,0,1,0,0,1,0,0,0,,ARREGLAR EN LA BASE ,,
1.13.10.319,0,0,0,1,0,1,0,0,0,0,,ARREGLAR EN LA BASE ,,
1.13.10.320,0,0,0,1,0,0,1,0,0,0,,ARREGLAR EN LA BASE ,,
1.13.10.321,0,0,0,1,0,1,0,0,0,0,,ARREGLAR EN LA BASE ,,
1.13.10.322,0,0,0,1,0,0,1,0,0,0,,ARREGLAR EN LA BASE ,,
1.13.10.323,0,0,0,1,0,1,0,0,0,0,,ARREGLAR EN LA BASE ,,
1.13.10.326,0,0,0,1,0,0,1,0,0,0,,ARREGLAR EN LA BASE ,,
1.13.10.327,0,0,0,1,0,0,1,0,0,0,,ARREGLAR EN LA BASE ,,
1.13.10.329,0,0,0,1,0,1,0,0,0,0,,ARREGLAR EN LA BASE ,,
1.13.10.331,0,0,0,1,0,1,0,0,0,0,,ARREGLAR EN LA BASE ,,
1.13.10.332,0,0,0,1,0,0,1,0,0,0,,ARREGLAR EN LA BASE ,,
1.13.10.333,0,0,0,1,0,0,1,0,0,0,,ARREGLAR EN LA BASE ,,
1.13.10.334,0,0,0,1,0,0,1,0,0,0,,ARREGLAR EN LA BASE ,,
1.13.10.335,0,0,0,1,0,0,1,0,0,0,,ARREGLAR EN LA BASE ,,
1.13.10.336,0,0,0,1,0,0,1,0,0,0,,ARREGLAR EN LA BASE ,,
1.13.10.336,0,0,0,1,0,1,0,0,0,0,,ARREGLAR EN LA BASE ,,
1.13.10.337,0,0,0,1,0,1,0,0,0,0,,ARREGLAR EN LA BASE ,,
1.13.10.338,0,0,0,1,0,0,1,0,0,0,,ARREGLAR EN LA BASE ,,
1.13.10.339,0,0,0,1,0,0,1,0,0,0,,ARREGLAR EN LA BASE ,,
1.13.10.339,0,0,0,1,0,1,0,0,0,0,,ARREGLAR EN LA BASE ,,
1.13.10.342,0,0,0,1,0,0,1,0,0,0,,ARREGLAR EN LA BASE ,,
1.13.10.342,0,0,0,1,0,1,0,0,0,0,,ARREGLAR EN LA BASE ,,
1.13.10.343,0,0,0,1,0,1,0,0,0,0,,ARREGLAR EN LA BASE ,,
1.13.10.344,0,0,0,1,0,0,1,0,0,0,,ARREGLAR EN LA BASE ,,
1.13.10.345,0,0,0,1,0,0,1,0,0,0,,ARREGLAR EN LA BASE ,,
1.13.10.347,0,0,0,1,0,0,0,1,0,0,,ARREGLAR EN LA BASE ,,
1.13.10.349,0,0,0,1,0,1,0,0,0,0,,ARREGLAR EN LA BASE ,,
1.13.10.350,0,0,0,1,0,1,0,0,0,0,,ARREGLAR EN LA BASE ,,
1.13.10.351,0,0,0,1,0,0,1,0,0,0,,ARREGLAR EN LA BASE ,,
1.13.10.351,0,0,0,1,0,0,0,1,0,0,,ARREGLAR EN LA BASE ,,
1.13.10.352,0,0,0,1,0,0,1,0,0,0,,ARREGLAR EN LA BASE ,,
1.13.10.354,0,0,0,1,0,0,1,0,0,0,,ARREGLAR EN LA BASE ,,
1.13.10.354,0,0,0,1,0,1,0,0,0,0,,ARREGLAR EN LA BASE ,,
1.13.10.357,0,0,0,1,0,0,1,0,0,0,,ARREGLAR EN LA BASE ,,
1.13.10.358,0,0,0,1,0,1,0,0,0,0,,ARREGLAR EN LA BASE ,,
1.13.10.359,0,0,0,1,0,0,1,0,0,0,,ARREGLAR EN LA BASE ,,
1.13.10.359,0,0,0,1,0,1,0,0,0,0,,ARREGLAR EN LA BASE ,,
1.13.10.360,0,0,0,1,0,1,0,0,0,0,,ARREGLAR EN LA BASE ,,
1.13.10.361,0,0,0,1,0,1,0,0,0,0,,ARREGLAR EN LA BASE ,,
1.13.10.362,0,0,0,1,0,1,0,0,0,0,,ARREGLAR EN LA BASE ,,
1.13.10.363,0,0,0,1,0,0,1,0,0,0,,ARREGLAR EN LA BASE ,,
1.13.10.364,0,0,0,1,0,0,1,0,0,0,,ARREGLAR EN LA BASE ,,
1.13.10.364,0,0,0,1,0,1,0,0,0,0,,ARREGLAR EN LA BASE ,,
1.13.10.369,0,0,0,1,0,0,1,0,0,0,,ARREGLAR EN LA BASE ,,
1.13.10.371,0,0,0,1,0,0,1,0,0,0,,ARREGLAR EN LA BASE ,,
1.13.10.372,0,0,0,1,0,0,0,1,0,0,,ARREGLAR EN LA BASE ,,
1.13.10.373,0,0,0,1,0,0,1,0,0,0,,ARREGLAR EN LA BASE ,,
1.13.10.373,0,0,0,1,0,1,0,0,0,0,,ARREGLAR EN LA BASE ,,
1.13.10.374,0,0,0,1,0,0,1,0,0,0,,ARREGLAR EN LA BASE ,,
1.13.10.375,0,0,0,1,0,1,0,0,0,0,,ARREGLAR EN LA BASE ,,
1.13.10.376,0,0,0,1,0,0,1,0,0,0,,ARREGLAR EN LA BASE ,,
1.13.10.376,0,0,0,1,0,1,0,0,0,0,,ARREGLAR EN LA BASE ,,
1.13.10.377,0,0,0,1,0,0,1,0,0,0,,ARREGLAR EN LA BASE ,,
1.13.10.378,0,0,0,1,0,0,1,0,0,0,,ARREGLAR EN LA BASE ,,
1.13.10.379,0,0,0,1,0,0,1,0,0,0,,ARREGLAR EN LA BASE ,,
1.13.10.380,0,0,0,1,0,0,0,1,0,0,,ARREGLAR EN LA BASE ,,
1.13.10.381,0,0,0,1,0,0,1,0,0,0,,ARREGLAR EN LA BASE ,,
1.13.10.383,0,0,0,1,0,0,1,0,0,0,,ARREGLAR EN LA BASE ,,
1.13.10.384,0,0,0,1,0,0,1,0,0,0,,ARREGLAR EN LA BASE ,,
1.13.10.385,0,0,0,1,0,0,1,0,0,0,,ARREGLAR EN LA BASE ,,
1.13.10.386,0,0,0,1,0,1,0,0,0,0,,ARREGLAR EN LA BASE ,,
1.13.10.389,0,0,0,1,0,0,1,0,0,0,,ARREGLAR EN LA BASE ,,
1.13.10.391,0,0,0,1,0,0,1,0,0,0,,ARREGLAR EN LA BASE ,,
1.13.10.392,0,0,0,1,0,0,1,0,0,0,,ARREGLAR EN LA BASE ,,
1.13.10.392,0,0,0,1,0,1,0,0,0,0,,ARREGLAR EN LA BASE ,,
1.13.10.393,0,0,0,1,0,0,1,0,0,0,,ARREGLAR EN LA BASE ,,
1.13.10.395,0,0,0,1,0,0,1,0,0,0,,ARREGLAR EN LA BASE ,,
1.13.10.396,0,0,0,1,0,0,1,0,0,0,,ARREGLAR EN LA BASE ,,
1.13.10.397,0,0,0,1,0,0,1,0,0,0,,ARREGLAR EN LA BASE ,,
1.13.10.398,0,0,0,1,0,0,0,1,0,0,,ARREGLAR EN LA BASE ,,
1.13.10.400,0,0,0,1,0,1,0,0,0,0,,ARREGLAR EN LA BASE ,,
1.13.10.401,0,0,0,1,0,0,1,0,0,0,,ARREGLAR EN LA BASE ,,
1.13.10.401,0,0,0,1,0,0,0,1,0,0,,ARREGLAR EN LA BASE ,,
1.13.10.402,0,0,0,1,0,1,0,0,0,0,,ARREGLAR EN LA BASE ,,
1.13.10.404,0,0,0,1,0,0,1,0,0,0,,ARREGLAR EN LA BASE ,,
1.13.10.404,0,0,0,1,0,1,0,0,0,0,,ARREGLAR EN LA BASE ,,
1.13.10.405,0,0,0,1,0,1,0,0,0,0,,ARREGLAR EN LA BASE ,,
1.13.10.406,0,0,0,1,0,0,1,0,0,0,,ARREGLAR EN LA BASE ,,
1.13.10.406,0,0,0,1,0,1,0,0,0,0,,ARREGLAR EN LA BASE ,,
1.13.10.407,0,0,0,1,0,0,1,0,0,0,,ARREGLAR EN LA BASE ,,
1.13.10.409,0,0,0,1,0,0,1,0,0,0,,ARREGLAR EN LA BASE ,,
1.13.10.409,0,0,0,1,0,1,0,0,0,0,,ARREGLAR EN LA BASE ,,
1.13.10.410,0,0,0,1,0,0,1,0,0,0,,ARREGLAR EN LA BASE ,,
1.13.10.411,0,0,0,1,0,0,1,0,0,0,,ARREGLAR EN LA BASE ,,
1.13.10.411,0,0,0,1,0,1,0,0,0,0,,ARREGLAR EN LA BASE ,,
1.13.10.412,0,0,0,1,0,1,0,0,0,0,,ARREGLAR EN LA BASE ,,
1.13.10.413,0,0,0,1,0,0,1,0,0,0,,ARREGLAR EN LA BASE ,,
1.13.10.413,0,0,0,1,0,1,0,0,0,0,,ARREGLAR EN LA BASE ,,
1.13.10.414,0,0,0,1,0,0,1,0,0,0,,ARREGLAR EN LA BASE ,,
1.13.10.415,0,0,0,1,0,0,1,0,0,0,,ARREGLAR EN LA BASE ,,
1.13.10.416,0,0,0,1,0,1,0,0,0,0,,ARREGLAR EN LA BASE ,,
1.13.10.417,0,0,0,1,0,1,0,0,0,0,,ARREGLAR EN LA BASE ,,
1.13.10.418,0,0,0,1,0,0,1,0,0,0,,ARREGLAR EN LA BASE ,,
1.13.10.418,0,0,0,1,0,1,0,0,0,0,,ARREGLAR EN LA BASE ,,
1.13.10.420,0,0,0,1,0,1,0,0,0,0,,ARREGLAR EN LA BASE ,,
1.13.10.421,0,0,0,1,0,1,0,0,0,0,,ARREGLAR EN LA BASE ,,
1.13.10.422,0,0,0,1,0,0,1,0,0,0,,ARREGLAR EN LA BASE ,,
1.13.10.423,0,0,0,1,0,0,1,0,0,0,,ARREGLAR EN LA BASE ,,
1.13.10.423,0,0,0,1,0,1,0,0,0,0,,ARREGLAR EN LA BASE ,,
1.13.10.424,0,0,0,1,0,0,1,0,0,0,,ARREGLAR EN LA BASE ,,
1.13.10.424,0,0,0,1,0,0,0,1,0,0,,ARREGLAR EN LA BASE ,,
1.13.10.425,0,0,0,1,0,0,1,0,0,0,,ARREGLAR EN LA BASE ,,
1.13.10.425,0,0,0,1,0,1,0,0,0,0,,ARREGLAR EN LA BASE ,,
1.13.10.426,0,0,0,1,0,1,0,0,0,0,,ARREGLAR EN LA BASE ,,
1.13.10.427,0,0,0,1,0,0,0,1,0,0,,ARREGLAR EN LA BASE ,,
1.13.10.427,0,0,0,1,0,1,0,0,0,0,,ARREGLAR EN LA BASE ,,
1.13.10.428,0,0,0,1,0,0,1,0,0,0,,ARREGLAR EN LA BASE ,,
1.13.10.428,0,0,0,1,0,0,0,1,0,0,,ARREGLAR EN LA BASE ,,
1.13.10.430,0,0,0,1,0,0,0,1,0,0,,ARREGLAR EN LA BASE ,,
1.13.10.430,0,0,0,1,0,1,0,0,0,0,,ARREGLAR EN LA BASE ,,
1.13.10.431,0,0,0,1,0,0,0,1,0,0,,ARREGLAR EN LA BASE ,,
1.13.10.432,0,0,0,1,0,0,0,1,0,0,,ARREGLAR EN LA BASE ,,
1.13.10.433,0,0,0,1,0,0,1,0,0,0,,ARREGLAR EN LA BASE ,,
1.13.10.434,0,0,0,1,0,0,1,0,0,0,,ARREGLAR EN LA BASE ,,
1.13.10.434,0,0,0,1,0,1,0,0,0,0,,ARREGLAR EN LA BASE ,,
1.13.10.435,0,0,0,1,0,0,0,1,0,0,,ARREGLAR EN LA BASE ,,
1.13.10.436,0,0,0,1,0,0,1,0,0,0,,ARREGLAR EN LA BASE ,,
1.13.10.437,0,0,0,1,0,0,1,0,0,0,,ARREGLAR EN LA BASE ,,
1.13.10.437,0,0,0,1,0,1,0,0,0,0,,ARREGLAR EN LA BASE ,,
1.13.10.438,0,0,0,1,0,0,1,0,0,0,,ARREGLAR EN LA BASE ,,
1.13.10.439,0,0,0,1,0,0,1,0,0,0,,ARREGLAR EN LA BASE ,,
1.13.10.440,0,0,0,1,0,0,1,0,0,0,,ARREGLAR EN LA BASE ,,
1.13.10.440,0,0,0,1,0,1,0,0,0,0,,ARREGLAR EN LA BASE ,,
1.13.10.441,0,0,0,1,0,1,0,0,0,0,,ARREGLAR EN LA BASE ,,
1.13.10.444,0,0,0,1,0,0,1,0,0,0,,ARREGLAR EN LA BASE ,,
1.13.10.445,0,0,0,1,0,0,1,0,0,0,,ARREGLAR EN LA BASE ,,
1.13.10.446,0,0,0,1,0,0,1,0,0,0,,ARREGLAR EN LA BASE ,,
1.13.10.446,0,0,0,1,0,0,0,1,0,0,,ARREGLAR EN LA BASE ,,
1.13.10.447,0,0,0,1,0,1,0,0,0,0,,ARREGLAR EN LA BASE ,,
1.13.10.449,0,0,0,1,0,0,1,0,0,0,,ARREGLAR EN LA BASE ,,
1.13.10.450,0,0,0,1,0,0,1,0,0,0,,ARREGLAR EN LA BASE ,,
1.13.10.450,0,0,0,1,0,0,0,1,0,0,,ARREGLAR EN LA BASE ,,
1.13.10.451,0,0,0,1,0,1,0,0,0,0,,ARREGLAR EN LA BASE ,,
1.13.10.452,0,0,0,1,0,0,1,0,0,0,,ARREGLAR EN LA BASE ,,
1.13.10.454,0,0,0,1,0,0,0,1,0,0,,ARREGLAR EN LA BASE ,,
1.13.10.455,0,0,0,1,0,1,0,0,0,0,,ARREGLAR EN LA BASE ,,
1.13.10.456,0,0,0,1,0,0,0,1,0,0,,ARREGLAR EN LA BASE ,,
1.13.10.456,0,0,0,1,0,1,0,0,0,0,,ARREGLAR EN LA BASE ,,
1.13.10.457,0,0,0,1,0,1,0,0,0,0,,ARREGLAR EN LA BASE ,,
1.13.10.458,0,0,0,1,0,0,0,1,0,0,,ARREGLAR EN LA BASE ,,
1.13.10.458,0,0,0,1,0,1,0,0,0,0,,ARREGLAR EN LA BASE ,,
1.13.10.459,0,0,0,1,0,0,1,0,0,0,,ARREGLAR EN LA BASE ,,
1.13.10.460,0,0,0,1,0,0,1,0,0,0,,ARREGLAR EN LA BASE ,,
1.13.10.465,0,0,0,1,0,0,0,0,1,0,,ARREGLAR EN LA BASE ,,
1.13.10.466,0,0,0,1,0,0,0,1,0,0,,ARREGLAR EN LA BASE ,,
1.13.10.467,0,0,0,1,0,1,0,0,0,0,,ARREGLAR EN LA BASE ,,
1.13.10.469,0,0,0,1,0,0,0,1,0,0,,ARREGLAR EN LA BASE ,,
1.13.10.470,0,0,0,1,0,0,1,0,0,0,,ARREGLAR EN LA BASE ,,
1.13.10.470,0,0,0,1,0,1,0,0,0,0,,ARREGLAR EN LA BASE ,,
1.13.10.471,0,0,0,1,0,0,1,0,0,0,,ARREGLAR EN LA BASE ,,
1.13.10.472,0,0,0,1,0,0,0,1,0,0,,ARREGLAR EN LA BASE ,,
1.13.10.473,0,0,0,1,0,1,0,0,0,0,,ARREGLAR EN LA BASE ,,
1.13.10.474,0,0,0,1,0,1,0,0,0,0,,ARREGLAR EN LA BASE ,,
1.13.10.475,0,0,0,1,0,0,1,0,0,0,,ARREGLAR EN LA BASE ,,
1.13.10.476,0,0,0,1,0,1,0,0,0,0,,ARREGLAR EN LA BASE ,,
1.13.10.477,0,0,0,1,0,1,0,0,0,0,,ARREGLAR EN LA BASE ,,
1.13.10.478,0,0,0,1,0,1,0,0,0,0,,ARREGLAR EN LA BASE ,,
1.13.10.479,0,0,0,1,0,1,0,0,0,0,,ARREGLAR EN LA BASE ,,
1.13.10.480,0,0,0,1,0,0,1,0,0,0,,ARREGLAR EN LA BASE ,,
1.13.10.481,0,0,0,1,0,0,1,0,0,0,,ARREGLAR EN LA BASE ,,
1.13.10.482,0,0,0,1,0,0,1,0,0,0,,ARREGLAR EN LA BASE ,,
1.13.10.482,0,0,0,1,0,0,0,1,0,0,,ARREGLAR EN LA BASE ,,
1.13.10.483,0,0,0,1,0,0,1,0,0,0,,ARREGLAR EN LA BASE ,,
1.13.10.483,0,0,0,1,0,0,0,1,0,0,,ARREGLAR EN LA BASE ,,
1.13.10.484,0,0,0,1,0,0,1,0,0,0,,ARREGLAR EN LA BASE ,,
1.13.10.485,0,0,0,1,0,1,0,0,0,0,,ARREGLAR EN LA BASE ,,
1.13.10.487,0,0,0,1,0,0,1,0,0,0,,ARREGLAR EN LA BASE ,,
1.13.10.489,0,0,0,1,0,0,1,0,0,0,,ARREGLAR EN LA BASE ,,
1.13.10.490,0,0,0,1,0,0,1,0,0,0,,ARREGLAR EN LA BASE ,,
1.13.10.492,0,0,0,1,0,0,1,0,0,0,,ARREGLAR EN LA BASE ,,
1.13.10.492,0,0,0,1,0,0,0,1,0,0,,ARREGLAR EN LA BASE ,,
1.13.10.494,0,0,0,1,0,0,0,1,0,0,,ARREGLAR EN LA BASE ,,
1.13.10.497,0,0,0,1,0,1,0,0,0,0,,ARREGLAR EN LA BASE ,,
1.13.10.499,0,0,0,1,0,0,1,0,0,0,,ARREGLAR EN LA BASE ,,
1.13.10.499,0,0,0,1,0,1,0,0,0,0,,ARREGLAR EN LA BASE ,,
1.13.10.500,0,0,0,1,0,0,1,0,0,0,,ARREGLAR EN LA BASE ,,
1.13.10.502,0,0,0,1,0,0,1,0,0,0,,ARREGLAR EN LA BASE ,,
1.13.10.504,0,0,0,1,0,0,1,0,0,0,,ARREGLAR EN LA BASE ,,
1.13.10.504,0,0,0,1,0,1,0,0,0,0,,ARREGLAR EN LA BASE ,,
1.13.10.505,0,0,0,1,0,0,1,0,0,0,,ARREGLAR EN LA BASE ,,
1.13.10.507,0,0,0,1,0,0,1,0,0,0,,ARREGLAR EN LA BASE ,,
1.13.10.507,0,0,0,1,0,1,0,0,0,0,,ARREGLAR EN LA BASE ,,
1.13.10.508,0,0,0,1,0,0,1,0,0,0,,ARREGLAR EN LA BASE ,,
1.13.10.508,0,0,0,1,0,0,0,1,0,0,,ARREGLAR EN LA BASE ,,
1.13.10.512,0,0,0,1,0,0,1,0,0,0,,ARREGLAR EN LA BASE ,,
1.13.10.515,0,0,0,1,0,1,0,0,0,0,,ARREGLAR EN LA BASE ,,
1.13.10.516,0,0,0,1,0,1,0,0,0,0,,ARREGLAR EN LA BASE ,,
1.13.10.517,0,0,0,1,0,0,0,1,0,0,,ARREGLAR EN LA BASE ,,
1.13.10.517,0,0,0,1,0,1,0,0,0,0,,ARREGLAR EN LA BASE ,,
1.13.10.521,0,0,0,1,0,1,0,0,0,0,,ARREGLAR EN LA BASE ,,
1.13.10.522,0,0,0,1,0,0,0,1,0,0,,ARREGLAR EN LA BASE ,,
1.13.10.529,0,0,0,1,0,0,1,0,0,0,,ARREGLAR EN LA BASE ,,
1.13.10.529,0,0,0,1,0,1,0,0,0,0,,ARREGLAR EN LA BASE ,,
1.13.10.530,0,0,0,1,0,1,0,0,0,0,,ARREGLAR EN LA BASE ,,
1.13.10.531,0,0,0,1,0,0,1,0,0,0,,ARREGLAR EN LA BASE ,,
1.13.10.531,0,0,0,1,0,1,0,0,0,0,,ARREGLAR EN LA BASE ,,
1.13.10.535,0,0,0,1,0,1,0,0,0,0,,ARREGLAR EN LA BASE ,,
1.13.10.536,0,0,0,1,0,1,0,0,0,0,,ARREGLAR EN LA BASE ,,
1.13.10.537,0,0,0,1,0,0,0,1,0,0,,ARREGLAR EN LA BASE ,,
1.13.10.538,0,0,0,1,0,1,0,0,0,0,,ARREGLAR EN LA BASE ,,
1.13.10.539,0,0,0,1,0,1,0,0,0,0,,ARREGLAR EN LA BASE ,,
1.13.10.540,0,0,0,1,0,1,0,0,0,0,,ARREGLAR EN LA BASE ,,
1.13.10.541,0,0,0,1,0,0,1,0,0,0,,ARREGLAR EN LA BASE ,,
1.13.10.541,0,0,0,1,0,1,0,0,0,0,,ARREGLAR EN LA BASE ,,
1.13.10.543,0,0,0,1,0,0,1,0,0,0,,ARREGLAR EN LA BASE ,,
1.13.10.544,0,0,0,1,0,1,0,0,0,0,,ARREGLAR EN LA BASE ,,
1.13.10.545,0,0,0,1,0,0,1,0,0,0,,ARREGLAR EN LA BASE ,,
1.13.10.545,0,0,0,1,0,1,0,0,0,0,,ARREGLAR EN LA BASE ,,
1.13.10.546,0,0,0,1,0,1,0,0,0,0,,ARREGLAR EN LA BASE ,,
1.13.10.550,0,0,0,1,0,1,0,0,0,0,,ARREGLAR EN LA BASE ,,
1.13.10.551,0,0,0,1,0,0,1,0,0,0,,ARREGLAR EN LA BASE ,,
1.13.10.553,0,0,0,1,0,0,1,0,0,0,,ARREGLAR EN LA BASE ,,
1.13.10.555,0,0,0,1,0,0,1,0,0,0,,ARREGLAR EN LA BASE ,,
1.13.10.557,0,0,0,1,0,0,1,0,0,0,,ARREGLAR EN LA BASE ,,
1.13.10.557,0,0,0,1,0,0,0,1,0,0,,ARREGLAR EN LA BASE ,,
1.13.10.558,0,0,0,1,0,1,0,0,0,0,,ARREGLAR EN LA BASE ,,
1.13.10.560,0,0,0,1,0,1,0,0,0,0,,ARREGLAR EN LA BASE ,,
1.13.10.561,0,0,0,1,0,1,0,0,0,0,,ARREGLAR EN LA BASE ,,
1.13.10.564,0,0,0,1,0,1,0,0,0,0,,ARREGLAR EN LA BASE ,,
1.13.10.565,0,0,0,1,0,1,0,0,0,0,,ARREGLAR EN LA BASE ,,
1.13.10.566,0,0,0,1,0,1,0,0,0,0,,ARREGLAR EN LA BASE ,,
1.13.10.567,0,0,0,1,0,0,1,0,0,0,,ARREGLAR EN LA BASE ,,
1.13.10.567,0,0,0,1,0,1,0,0,0,0,,ARREGLAR EN LA BASE ,,
1.13.10.568,0,0,0,1,0,0,1,0,0,0,,ARREGLAR EN LA BASE ,,
1.13.10.570,0,0,0,1,0,0,1,0,0,0,,ARREGLAR EN LA BASE ,,
1.13.10.570,0,0,0,1,0,1,0,0,0,0,,ARREGLAR EN LA BASE ,,
1.13.10.571,0,0,0,1,0,0,1,0,0,0,,ARREGLAR EN LA BASE ,,
1.13.10.572,0,0,0,1,0,0,1,0,0,0,,ARREGLAR EN LA BASE ,,
1.13.10.573,0,0,0,1,0,0,1,0,0,0,,ARREGLAR EN LA BASE ,,
1.13.10.573,0,0,0,1,0,0,0,1,0,0,,ARREGLAR EN LA BASE ,,
1.13.10.574,0,0,0,1,0,0,1,0,0,0,,ARREGLAR EN LA BASE ,,
1.13.10.579,0,0,0,1,0,0,1,0,0,0,,ARREGLAR EN LA BASE ,,
1.13.10.580,0,0,0,1,0,1,0,0,0,0,,ARREGLAR EN LA BASE ,,
1.13.10.581,0,0,0,1,0,1,0,0,0,0,,ARREGLAR EN LA BASE ,,
1.13.10.582,0,0,0,1,0,0,1,0,0,0,,ARREGLAR EN LA BASE ,,
1.13.10.583,0,0,0,1,0,1,0,0,0,0,,ARREGLAR EN LA BASE ,,
1.13.10.584,0,0,0,1,0,0,1,0,0,0,,ARREGLAR EN LA BASE ,,
1.13.10.585,0,0,0,1,0,0,1,0,0,0,,ARREGLAR EN LA BASE ,,
1.13.10.585,0,0,0,1,0,0,0,1,0,0,,ARREGLAR EN LA BASE ,,
1.13.10.587,0,0,0,1,0,0,1,0,0,0,,ARREGLAR EN LA BASE ,,
1.13.10.588,0,0,0,1,0,0,1,0,0,0,,ARREGLAR EN LA BASE ,,
1.13.10.589,0,0,0,1,0,0,1,0,0,0,,ARREGLAR EN LA BASE ,,
1.13.10.593,0,0,0,1,0,0,1,0,0,0,,ARREGLAR EN LA BASE ,,
1.13.10.594,0,0,0,1,0,1,0,0,0,0,,ARREGLAR EN LA BASE ,,
1.13.10.596,0,0,0,1,0,1,0,0,0,0,,ARREGLAR EN LA BASE ,,
1.13.10.597,0,0,0,1,0,1,0,0,0,0,,ARREGLAR EN LA BASE ,,
1.13.10.600,0,0,0,1,0,0,1,0,0,0,,ARREGLAR EN LA BASE ,,
1.13.10.601,0,0,0,1,0,1,0,0,0,0,,ARREGLAR EN LA BASE ,,
1.13.10.602,0,0,0,1,0,0,1,0,0,0,,ARREGLAR EN LA BASE ,,
1.13.10.603,0,0,0,1,0,1,0,0,0,0,,ARREGLAR EN LA BASE ,,
1.13.10.604,0,0,0,1,0,0,1,0,0,0,,ARREGLAR EN LA BASE ,,
1.13.10.611,0,0,0,1,0,1,0,0,0,0,,ARREGLAR EN LA BASE ,,
1.13.10.613,0,0,0,1,0,0,1,0,0,0,,ARREGLAR EN LA BASE ,,
1.13.10.614,0,0,0,1,0,1,0,0,0,0,,ARREGLAR EN LA BASE ,,
1.13.10.616,0,0,0,1,0,0,1,0,0,0,,ARREGLAR EN LA BASE ,,
1.13.10.617,0,0,0,1,0,0,1,0,0,0,,ARREGLAR EN LA BASE ,,
1.13.10.617,0,0,0,1,0,1,0,0,0,0,,ARREGLAR EN LA BASE ,,
1.13.10.618,0,0,0,1,0,0,1,0,0,0,,ARREGLAR EN LA BASE ,,
1.13.10.619,0,0,0,1,0,1,0,0,0,0,,ARREGLAR EN LA BASE ,,
1.13.10.621,0,0,0,1,0,0,1,0,0,0,,ARREGLAR EN LA BASE ,,
1.13.10.623,0,0,0,1,0,0,1,0,0,0,,ARREGLAR EN LA BASE ,,
1.13.10.625,0,0,0,1,0,1,0,0,0,0,,ARREGLAR EN LA BASE ,,
1.13.10.626,0,0,0,1,0,1,0,0,0,0,,ARREGLAR EN LA BASE ,,
1.13.10.627,0,0,0,1,0,1,0,0,0,0,,ARREGLAR EN LA BASE ,,
1.13.10.629,0,0,0,1,0,0,1,0,0,0,,ARREGLAR EN LA BASE ,,
1.13.10.631,0,0,0,1,0,1,0,0,0,0,,ARREGLAR EN LA BASE ,,
1.13.10.632,0,0,0,1,0,1,0,0,0,0,,ARREGLAR EN LA BASE ,,
1.13.10.634,0,0,0,1,0,0,1,0,0,0,,ARREGLAR EN LA BASE ,,
1.13.10.634A,0,0,0,1,0,0,1,0,0,0,,ARREGLAR EN LA BASE ,,
1.13.10.637,0,0,0,1,0,0,1,0,0,0,,ARREGLAR EN LA BASE ,,
1.13.10.638,0,0,0,1,0,0,1,0,0,0,,ARREGLAR EN LA BASE ,,
1.13.10.641,0,0,0,1,0,0,1,0,0,0,,ARREGLAR EN LA BASE ,,
1.13.10.645,0,0,0,1,0,1,0,0,0,0,,ARREGLAR EN LA BASE ,,
1.13.10.646,0,0,0,1,0,1,0,0,0,0,,ARREGLAR EN LA BASE ,,
1.13.10.647,0,0,0,1,0,0,1,0,0,0,,ARREGLAR EN LA BASE ,,
1.13.10.648,0,0,0,1,0,0,1,0,0,0,,ARREGLAR EN LA BASE ,,
1.13.10.649,0,0,0,1,0,1,0,0,0,0,,ARREGLAR EN LA BASE ,,
1.13.10.651,0,0,0,1,0,0,1,0,0,0,,ARREGLAR EN LA BASE ,,
1.13.10.653,0,0,0,1,0,1,0,0,0,0,,ARREGLAR EN LA BASE ,,
1.13.10.654,0,0,0,1,0,0,1,0,0,0,,ARREGLAR EN LA BASE ,,
1.13.10.655,0,0,0,1,0,0,1,0,0,0,,ARREGLAR EN LA BASE ,,
1.13.10.655,0,0,0,1,0,1,0,0,0,0,,ARREGLAR EN LA BASE ,,
1.13.10.656,0,0,0,1,0,0,1,0,0,0,,ARREGLAR EN LA BASE ,,
1.13.10.657,0,0,0,1,0,0,1,0,0,0,,ARREGLAR EN LA BASE ,,
1.13.10.660,0,0,0,1,0,1,0,0,0,0,,ARREGLAR EN LA BASE ,,
1.13.10.661,0,0,0,1,0,1,0,0,0,0,,ARREGLAR EN LA BASE ,,
1.13.10.662,0,0,0,1,0,0,1,0,0,0,,ARREGLAR EN LA BASE ,,
1.13.10.663,0,0,0,1,0,0,0,1,0,0,,ARREGLAR EN LA BASE ,,
1.13.10.663,0,0,0,1,0,1,0,0,0,0,,ARREGLAR EN LA BASE ,,
1.13.10.664,0,0,0,1,0,1,0,0,0,0,,ARREGLAR EN LA BASE ,,
1.13.10.665,0,0,0,1,0,0,1,0,0,0,,ARREGLAR EN LA BASE ,,
1.13.10.666,0,0,0,1,0,0,0,0,0,1,,ARREGLAR EN LA BASE ,,
1.13.10.669,0,0,0,1,0,0,0,1,0,0,,ARREGLAR EN LA BASE ,,
1.13.10.671,0,0,0,1,0,0,1,0,0,0,,ARREGLAR EN LA BASE ,,
1.13.10.671,0,0,0,1,0,0,0,1,0,0,,ARREGLAR EN LA BASE ,,
1.13.10.673,0,0,0,1,0,1,0,0,0,0,,ARREGLAR EN LA BASE ,,
1.13.10.674,0,0,0,1,0,0,1,0,0,0,,ARREGLAR EN LA BASE ,,
1.13.10.675,0,0,0,1,0,0,1,0,0,0,,ARREGLAR EN LA BASE ,,
1.13.10.676,0,0,0,1,0,1,0,0,0,0,,ARREGLAR EN LA BASE ,,
1.13.10.678,0,0,0,1,0,0,1,0,0,0,,ARREGLAR EN LA BASE ,,
1.13.10.680,0,0,0,1,0,0,1,0,0,0,,ARREGLAR EN LA BASE ,,
1.13.10.680,0,0,0,1,0,1,0,0,0,0,,ARREGLAR EN LA BASE ,,
1.13.10.681,0,0,0,1,0,0,1,0,0,0,,ARREGLAR EN LA BASE ,,
1.13.10.681,0,0,0,1,0,1,0,0,0,0,,ARREGLAR EN LA BASE ,,
1.13.10.682,0,0,0,1,0,0,1,0,0,0,,ARREGLAR EN LA BASE ,,
1.13.10.683,0,0,0,1,0,1,0,0,0,0,,ARREGLAR EN LA BASE ,,
1.13.10.684,0,0,0,1,0,1,0,0,0,0,,ARREGLAR EN LA BASE ,,
1.13.10.685,0,0,0,1,0,1,0,0,0,0,,ARREGLAR EN LA BASE ,,
1.13.10.686,0,0,0,1,0,1,0,0,0,0,,ARREGLAR EN LA BASE ,,
1.13.10.687,0,0,0,1,0,1,0,0,0,0,,ARREGLAR EN LA BASE ,,
1.13.10.688,0,0,0,1,0,1,0,0,0,0,,ARREGLAR EN LA BASE ,,
1.13.10.689,0,0,0,1,0,0,1,0,0,0,,ARREGLAR EN LA BASE ,,
1.13.10.692,0,0,0,1,0,1,0,0,0,0,,ARREGLAR EN LA BASE ,,
1.13.10.695,0,0,0,1,0,0,1,0,0,0,,ARREGLAR EN LA BASE ,,
1.13.10.695,0,0,0,1,0,1,0,0,0,0,,ARREGLAR EN LA BASE ,,
1.13.10.700,0,0,0,1,0,1,0,0,0,0,,ARREGLAR EN LA BASE ,,
1.13.10.701,0,0,0,1,0,1,0,0,0,0,,ARREGLAR EN LA BASE ,,
1.13.10.703,0,0,0,1,0,0,1,0,0,0,,ARREGLAR EN LA BASE ,,
1.13.10.705,0,0,0,1,0,1,0,0,0,0,,ARREGLAR EN LA BASE ,,
1.13.10.706,0,0,0,1,0,0,1,0,0,0,,ARREGLAR EN LA BASE ,,
1.13.10.706A,0,0,0,1,0,0,1,0,0,0,,ARREGLAR EN LA BASE ,,
1.13.10.708,0,0,0,1,0,0,0,0,0,1,,ARREGLAR EN LA BASE ,,
1.13.10.711,0,0,0,1,0,0,1,0,0,0,,ARREGLAR EN LA BASE ,,
1.13.10.711,0,0,0,1,0,1,0,0,0,0,,ARREGLAR EN LA BASE ,,
1.13.10.712,0,0,0,1,0,1,0,0,0,0,,ARREGLAR EN LA BASE ,,
1.13.10.714,0,0,0,1,0,1,0,0,0,0,,ARREGLAR EN LA BASE ,,
1.13.10.715,0,0,0,1,0,1,0,0,0,0,,ARREGLAR EN LA BASE ,,
1.13.10.716,0,0,0,1,0,1,0,0,0,0,,ARREGLAR EN LA BASE ,,
1.13.10.717,0,0,0,1,0,0,1,0,0,0,,ARREGLAR EN LA BASE ,,
1.13.10.718,0,0,0,1,0,1,0,0,0,0,,ARREGLAR EN LA BASE ,,
1.13.10.719,0,0,0,1,0,1,0,0,0,0,,ARREGLAR EN LA BASE ,,
1.13.10.720,0,0,0,1,0,1,0,0,0,0,,ARREGLAR EN LA BASE ,,
1.13.10.721,0,0,0,1,0,1,0,0,0,0,,ARREGLAR EN LA BASE ,,
1.13.10.722,0,0,0,1,0,0,0,1,0,0,,ARREGLAR EN LA BASE ,,
1.13.10.723,0,0,0,1,0,0,1,0,0,0,,ARREGLAR EN LA BASE ,,
1.13.10.725,0,0,0,1,0,1,0,0,0,0,,ARREGLAR EN LA BASE ,,
1.13.10.726,0,0,0,1,0,0,1,0,0,0,,ARREGLAR EN LA BASE ,,
1.13.10.726,0,0,0,1,0,1,0,0,0,0,,ARREGLAR EN LA BASE ,,
1.13.10.730,0,0,0,1,0,0,1,0,0,0,,ARREGLAR EN LA BASE ,,
1.13.10.734,0,0,0,1,0,0,0,1,0,0,,ARREGLAR EN LA BASE ,,
1.13.10.734,0,0,0,1,0,1,0,0,0,0,,ARREGLAR EN LA BASE ,,
1.13.10.735,0,0,0,1,0,0,0,1,0,0,,ARREGLAR EN LA BASE ,,
1.13.10.738,0,0,0,1,0,0,1,0,0,0,,ARREGLAR EN LA BASE ,,
1.13.10.739,0,0,0,1,0,0,1,0,0,0,,ARREGLAR EN LA BASE ,,
1.13.10.741,0,0,0,1,0,0,1,0,0,0,,ARREGLAR EN LA BASE ,,
1.13.10.741,0,0,0,1,0,1,0,0,0,0,,ARREGLAR EN LA BASE ,,
1.13.10.742,0,0,0,1,0,1,0,0,0,0,,ARREGLAR EN LA BASE ,,
1.13.10.743,0,0,0,1,0,0,0,1,0,0,,ARREGLAR EN LA BASE ,,
1.13.10.745,0,0,0,1,0,0,0,1,0,0,,ARREGLAR EN LA BASE ,,
1.13.10.746,0,0,0,1,0,0,1,0,0,0,,ARREGLAR EN LA BASE ,,
1.13.10.748,0,0,0,1,0,0,1,0,0,0,,ARREGLAR EN LA BASE ,,
1.13.10.749,0,0,0,1,0,1,0,0,0,0,,ARREGLAR EN LA BASE ,,
1.13.10.750,0,0,0,1,0,0,1,0,0,0,,ARREGLAR EN LA BASE ,,
1.13.10.751,0,0,0,1,0,0,0,1,0,0,,ARREGLAR EN LA BASE ,,
1.13.10.752,0,0,0,1,0,1,0,0,0,0,,ARREGLAR EN LA BASE ,,
1.13.10.755,0,0,0,1,0,0,0,1,0,0,,ARREGLAR EN LA BASE ,,
1.13.10.755,0,0,0,1,0,1,0,0,0,0,,ARREGLAR EN LA BASE ,,
1.13.10.757,0,0,0,1,0,0,1,0,0,0,,ARREGLAR EN LA BASE ,,
1.13.10.758,0,0,0,1,0,0,0,1,0,0,,ARREGLAR EN LA BASE ,,
1.13.10.759,0,0,0,1,0,0,0,1,0,0,,ARREGLAR EN LA BASE ,,
1.13.10.760,0,0,0,1,0,0,1,0,0,0,,ARREGLAR EN LA BASE ,,
1.13.10.760,0,0,0,1,0,1,0,0,0,0,,ARREGLAR EN LA BASE ,,
1.13.10.762,0,0,0,1,0,0,1,0,0,0,,ARREGLAR EN LA BASE ,,
1.13.10.765,0,0,0,1,0,0,0,1,0,0,,ARREGLAR EN LA BASE ,,
1.13.10.767,0,0,0,1,0,1,0,0,0,0,,ARREGLAR EN LA BASE ,,
1.13.10.770,0,0,0,1,0,0,1,0,0,0,,ARREGLAR EN LA BASE ,,
1.13.10.770,0,0,0,1,0,1,0,0,0,0,,ARREGLAR EN LA BASE ,,
1.13.10.771,0,0,0,1,0,0,0,1,0,0,,ARREGLAR EN LA BASE ,,
1.13.10.772,0,0,0,1,0,0,1,0,0,0,,ARREGLAR EN LA BASE ,,
1.13.10.772,0,0,0,1,0,0,0,0,0,1,,ARREGLAR EN LA BASE ,,
1.13.10.773,0,0,0,1,0,0,1,0,0,0,,ARREGLAR EN LA BASE ,,
1.13.10.779,0,0,0,1,0,0,1,0,0,0,,ARREGLAR EN LA BASE ,,
1.13.10.783,0,0,0,1,0,0,0,0,0,1,,ARREGLAR EN LA BASE ,,
1.13.10.785,0,0,0,1,0,0,0,1,0,0,,ARREGLAR EN LA BASE ,,
1.13.10.787,0,0,0,1,0,0,0,0,0,1,,ARREGLAR EN LA BASE ,,
1.13.10.788,0,0,0,1,0,0,0,1,0,0,,ARREGLAR EN LA BASE ,,
1.13.10.789,0,0,0,1,0,1,0,0,0,0,,ARREGLAR EN LA BASE ,,
1.13.10.790,0,0,0,1,0,0,0,1,0,0,,ARREGLAR EN LA BASE ,,
1.13.10.790,0,0,0,1,0,1,0,0,0,0,,ARREGLAR EN LA BASE ,,
1.13.10.791,0,0,0,1,0,1,0,0,0,0,,ARREGLAR EN LA BASE ,,
1.13.10.792,0,0,0,1,0,0,0,1,0,0,,ARREGLAR EN LA BASE ,,
1.13.10.796,0,0,0,1,0,1,0,0,0,0,,ARREGLAR EN LA BASE ,,
1.13.10.797,0,0,0,1,0,1,0,0,0,0,,ARREGLAR EN LA BASE ,,
1.13.10.798,0,0,0,1,0,1,0,0,0,0,,ARREGLAR EN LA BASE ,,
1.13.10.799,0,0,0,1,0,1,0,0,0,0,,ARREGLAR EN LA BASE ,,
1.13.10.800,0,0,0,1,0,1,0,0,0,0,,ARREGLAR EN LA BASE ,,
1.13.10.801,0,0,0,1,0,0,0,0,0,1,,ARREGLAR EN LA BASE ,,
1.13.10.802,0,0,0,1,0,0,1,0,0,0,,ARREGLAR EN LA BASE ,,
1.13.10.802,0,0,0,1,0,0,0,0,0,1,,ARREGLAR EN LA BASE ,,
1.13.10.803,0,0,0,1,0,0,0,0,0,1,,ARREGLAR EN LA BASE ,,
1.13.10.807,0,0,0,1,0,0,1,0,0,0,,ARREGLAR EN LA BASE ,,
1.13.10.815,0,0,0,1,0,0,1,0,0,0,,ARREGLAR EN LA BASE ,,
1.13.10.820,0,0,0,1,0,0,0,1,0,0,,ARREGLAR EN LA BASE ,,
1.13.10.820,0,0,0,1,0,1,0,0,0,0,,ARREGLAR EN LA BASE ,,
1.13.10.823,0,0,0,1,0,1,0,0,0,0,,ARREGLAR EN LA BASE ,,
1.13.10.829,0,0,0,1,0,1,0,0,0,0,,ARREGLAR EN LA BASE ,,
1.13.10.831,0,0,0,1,0,1,0,0,0,0,,ARREGLAR EN LA BASE ,,
1.13.10.832,0,0,0,1,0,1,0,0,0,0,,ARREGLAR EN LA BASE ,,
1.13.10.835,0,0,0,1,0,1,0,0,0,0,,ARREGLAR EN LA BASE ,,
1.13.10.840,0,0,0,1,0,1,0,0,0,0,,ARREGLAR EN LA BASE ,,
1.13.10.842,0,0,0,1,0,0,1,0,0,0,,ARREGLAR EN LA BASE ,,
1.13.10.845,0,0,0,1,0,1,0,0,0,0,,ARREGLAR EN LA BASE ,,
1.13.10.848,0,0,0,1,0,0,0,1,0,0,,ARREGLAR EN LA BASE ,,
1.13.10.849,0,0,0,1,0,0,0,1,0,0,,ARREGLAR EN LA BASE ,,
1.13.10.849,0,0,0,1,0,1,0,0,0,0,,ARREGLAR EN LA BASE ,,
1.13.10.852,0,0,0,1,0,0,1,0,0,0,,ARREGLAR EN LA BASE ,,
1.13.10.857,0,0,0,1,0,1,0,0,0,0,,ARREGLAR EN LA BASE ,,
1.13.10.858,0,0,0,1,0,0,1,0,0,0,,ARREGLAR EN LA BASE ,,
1.13.10.859,0,0,0,1,0,0,1,0,0,0,,ARREGLAR EN LA BASE ,,
1.13.10.863,0,0,0,1,0,0,1,0,0,0,,ARREGLAR EN LA BASE ,,
1.13.10.864,0,0,0,1,0,0,0,0,1,0,,ARREGLAR EN LA BASE ,,
1.13.10.866,0,0,0,1,0,0,1,0,0,0,,ARREGLAR EN LA BASE ,,
1.13.10.871,0,0,0,1,0,0,1,0,0,0,,ARREGLAR EN LA BASE ,,
1.13.10.872,0,0,0,1,0,0,1,0,0,0,,ARREGLAR EN LA BASE ,,
1.13.10.874,0,0,0,1,0,1,0,0,0,0,,ARREGLAR EN LA BASE ,,
1.13.10.877,0,0,0,1,0,0,1,0,0,0,,ARREGLAR EN LA BASE ,,
1.13.10.882,0,0,0,1,0,0,1,0,0,0,,ARREGLAR EN LA BASE ,,
1.13.10.883,0,0,0,1,0,1,0,0,0,0,,ARREGLAR EN LA BASE ,,
1.13.10.884,0,0,0,1,0,0,1,0,0,0,,ARREGLAR EN LA BASE ,,
1.13.10.884,0,0,0,1,0,1,0,0,0,0,,ARREGLAR EN LA BASE ,,
1.13.10.885,0,0,0,1,0,0,0,1,0,0,,ARREGLAR EN LA BASE ,,
1.13.10.886,0,0,0,1,0,1,0,0,0,0,,ARREGLAR EN LA BASE ,,
1.13.10.887,0,0,0,1,0,1,0,0,0,0,,ARREGLAR EN LA BASE ,,
1.13.10.888,0,0,0,1,0,0,0,1,0,0,,ARREGLAR EN LA BASE ,,
1.13.10.893,0,0,0,1,0,0,1,0,0,0,,ARREGLAR EN LA BASE ,,
1.13.10.895,0,0,0,1,0,1,0,0,0,0,,ARREGLAR EN LA BASE ,,
1.13.10.896,0,0,0,1,0,0,1,0,0,0,,ARREGLAR EN LA BASE ,,
1.13.10.902,0,0,0,1,0,0,0,1,0,0,,ARREGLAR EN LA BASE ,,
1.13.10.905,0,0,0,1,0,1,0,0,0,0,,ARREGLAR EN LA BASE ,,
1.13.10.906,0,0,0,1,0,0,0,1,0,0,,ARREGLAR EN LA BASE ,,
1.13.10.906,0,0,0,1,0,1,0,0,0,0,,ARREGLAR EN LA BASE ,,
1.13.10.907,0,0,0,1,0,0,0,0,0,1,,ARREGLAR EN LA BASE ,,
1.13.10.907,0,0,0,1,0,1,0,0,0,0,,ARREGLAR EN LA BASE ,,
1.13.10.908,0,0,0,1,0,1,0,0,0,0,,ARREGLAR EN LA BASE ,,
1.13.10.910,0,0,0,1,0,1,0,0,0,0,,ARREGLAR EN LA BASE ,,
1.13.10.911,0,0,0,1,0,1,0,0,0,0,,ARREGLAR EN LA BASE ,,
1.13.10.912,0,0,0,1,0,1,0,0,0,0,,ARREGLAR EN LA BASE ,,
1.13.10.913,0,0,0,1,0,1,0,0,0,0,,ARREGLAR EN LA BASE ,,
1.13.10.914,0,0,0,1,0,1,0,0,0,0,,ARREGLAR EN LA BASE ,,
1.13.10.915,0,0,0,1,0,0,0,1,0,0,,ARREGLAR EN LA BASE ,,
1.13.10.915,0,0,0,1,0,1,0,0,0,0,,ARREGLAR EN LA BASE ,,
1.13.10.917,0,0,0,1,0,0,1,0,0,0,,ARREGLAR EN LA BASE ,,
1.13.10.918,0,0,0,1,0,0,1,0,0,0,,ARREGLAR EN LA BASE ,,
1.13.10.922,0,0,0,1,0,1,0,0,0,0,,ARREGLAR EN LA BASE ,,
1.13.10.923,0,0,0,1,0,1,0,0,0,0,,ARREGLAR EN LA BASE ,,
1.13.10.925,0,0,0,1,0,1,0,0,0,0,,ARREGLAR EN LA BASE ,,
1.13.10.928,0,0,0,1,0,0,1,0,0,0,,ARREGLAR EN LA BASE ,,
1.13.10.929,0,0,0,1,0,0,1,0,0,0,,ARREGLAR EN LA BASE ,,
1.13.10.930,0,0,0,1,0,0,1,0,0,0,,ARREGLAR EN LA BASE ,,
1.13.10.931,0,0,0,1,0,0,0,1,0,0,,ARREGLAR EN LA BASE ,,
1.13.10.932,0,0,0,1,0,1,0,0,0,0,,ARREGLAR EN LA BASE ,,
1.13.10.933,0,0,0,1,0,0,0,1,0,0,,ARREGLAR EN LA BASE ,,
1.13.10.934,0,0,0,1,0,0,1,0,0,0,,ARREGLAR EN LA BASE ,,
1.13.10.939,0,0,0,1,0,1,0,0,0,0,,ARREGLAR EN LA BASE ,,
1.13.10.940,0,0,0,1,0,1,0,0,0,0,,ARREGLAR EN LA BASE ,,
1.13.10.941,0,0,0,1,0,1,0,0,0,0,,ARREGLAR EN LA BASE ,,
1.13.10.943,0,0,0,1,0,1,0,0,0,0,,ARREGLAR EN LA BASE ,,
1.13.10.944,0,0,0,1,0,0,0,1,0,0,,ARREGLAR EN LA BASE ,,
1.13.10.944,0,0,0,1,0,1,0,0,0,0,,ARREGLAR EN LA BASE ,,
1.13.10.945,0,0,0,1,0,0,0,1,0,0,,ARREGLAR EN LA BASE ,,
1.13.10.946,0,0,0,1,0,0,1,0,0,0,,ARREGLAR EN LA BASE ,,
1.13.10.947,0,0,0,1,0,0,1,0,0,0,,ARREGLAR EN LA BASE ,,
1.13.10.948,0,0,0,1,0,0,1,0,0,0,,ARREGLAR EN LA BASE ,,
1.13.10.948,0,0,0,1,0,1,0,0,0,0,,ARREGLAR EN LA BASE ,,
1.13.10.950,0,0,0,1,0,0,1,0,0,0,,ARREGLAR EN LA BASE ,,
1.13.10.951,0,0,0,1,0,0,1,0,0,0,,ARREGLAR EN LA BASE ,,
1.13.10.952,0,0,0,1,0,0,1,0,0,0,,ARREGLAR EN LA BASE ,,
1.13.10.953,0,0,0,1,0,0,1,0,0,0,,ARREGLAR EN LA BASE ,,
1.13.10.953,0,0,0,1,0,0,0,1,0,0,,ARREGLAR EN LA BASE ,,
1.13.10.957,0,0,0,1,0,1,0,0,0,0,,ARREGLAR EN LA BASE ,,
1.13.10.958,0,0,0,1,0,1,0,0,0,0,,ARREGLAR EN LA BASE ,,
1.13.10.959,0,0,0,1,0,0,1,0,0,0,,ARREGLAR EN LA BASE ,,
1.13.10.959,0,0,0,1,0,1,0,0,0,0,,ARREGLAR EN LA BASE ,,
1.13.10.960,0,0,0,1,0,1,0,0,0,0,,ARREGLAR EN LA BASE ,,
1.13.10.961,0,0,0,1,0,1,0,0,0,0,,ARREGLAR EN LA BASE ,,
1.13.10.962,0,0,0,1,0,1,0,0,0,0,,ARREGLAR EN LA BASE ,,
1.13.10.963,0,0,0,1,0,1,0,0,0,0,,ARREGLAR EN LA BASE ,,
1.13.10.964,0,0,0,1,0,1,0,0,0,0,,ARREGLAR EN LA BASE ,,
1.13.10.965,0,0,0,1,0,0,0,1,0,0,,ARREGLAR EN LA BASE ,,
1.13.10.970,0,0,0,1,0,1,0,0,0,0,,ARREGLAR EN LA BASE ,,
1.13.10.975,0,0,0,1,0,0,1,0,0,0,,ARREGLAR EN LA BASE ,,
1.13.10.976,0,0,0,1,0,1,0,0,0,0,,ARREGLAR EN LA BASE ,,
1.13.10.977,0,0,0,1,0,1,0,0,0,0,,ARREGLAR EN LA BASE ,,
1.13.10.978,0,0,0,1,0,1,0,0,0,0,,ARREGLAR EN LA BASE ,,
1.13.10.979,0,0,0,1,0,1,0,0,0,0,,ARREGLAR EN LA BASE ,,
1.13.10.980,0,0,0,1,0,1,0,0,0,0,,ARREGLAR EN LA BASE ,,
1.13.10.981,0,0,0,1,0,1,0,0,0,0,,ARREGLAR EN LA BASE ,,
1.13.10.985,0,0,0,1,0,0,1,0,0,0,,ARREGLAR EN LA BASE ,,
1.13.10.985,0,0,0,1,0,0,0,1,0,0,,ARREGLAR EN LA BASE ,,
1.13.10.988,0,0,0,1,0,1,0,0,0,0,,ARREGLAR EN LA BASE ,,
1.13.10.989,0,0,0,1,0,1,0,0,0,0,,ARREGLAR EN LA BASE ,,
1.13.10.990,0,0,0,1,0,1,0,0,0,0,,ARREGLAR EN LA BASE ,,
1.13.10.991,0,0,0,1,0,1,0,0,0,0,,ARREGLAR EN LA BASE ,,
1.13.10.992,0,0,0,1,0,0,1,0,0,0,,ARREGLAR EN LA BASE ,,
1.13.10.994,0,0,0,1,0,0,1,0,0,0,,ARREGLAR EN LA BASE ,,
1.13.10.996,0,0,0,1,0,1,0,0,0,0,,ARREGLAR EN LA BASE ,,
1.13.10.999,0,0,0,1,0,1,0,0,0,0,,ARREGLAR EN LA BASE ,,
1.13.95.500A,0,0,0,1,0,1,0,0,0,0,,,,
1.13.97.67,0,0,0,1,0,0,1,0,0,0,,,,
1.13.97.72,0,0,0,1,0,0,0,1,0,0,,,,
1.13.100.1154,,0,08/05/2009,2,1,0,0,0,0,0,,,,
1.13.100.791A,,0,08/27/09,2,1,0,0,0,0,0,,,,
1.13.97.68,,0,09/11/2009,2,1,0,0,0,0,0,,,,
1.13.97.69,,0,09/11/2009,2,1,0,0,0,0,0,,,,
1.13.97.70,,0,09/11/2009,2,1,0,0,0,0,0,,,,
1.13.97.71,,0,09/14/09,2,1,0,0,0,0,0,,,,
1.13.34.92A,,0,09/16/09,2,1,0,0,0,0,0,,,,
1.13.100.183C,,0,09/16/09,2,1,0,0,0,0,0,,ACTUALIZACION DEL MINSA CROQUIS SOLO HASTA LA 961,,
1.13.104.987,,0,09/23/09,2,1,0,0,0,0,0,,ACTUALIZACION DEL MINSA CROQUIS SOLO HASTA LA 962,,
1.13.104.973,,0,09/23/09,2,1,0,0,0,0,0,,ACTUALIZACION DEL MINSA CROQUIS SOLO HASTA LA 963,,
1.13.104.972,,0,09/23/09,2,1,0,0,0,0,0,,ACTUALIZACION DEL MINSA CROQUIS SOLO HASTA LA 964,,
1.13.104.968,,0,09/24/09,2,1,0,0,0,0,0,,ACTUALIZACION DEL MINSA CROQUIS SOLO HASTA LA 965,,
1.13.104.981,,0,09/24/09,2,1,0,0,0,0,0,,ACTUALIZACION DEL MINSA CROQUIS SOLO HASTA LA 966,,
1.13.104.967,,0,09/24/09,2,1,0,0,0,0,0,,ACTUALIZACION DEL MINSA CROQUIS SOLO HASTA LA 967,,
1.13.104.974,,0,09/24/09,2,1,0,0,0,0,0,,ACTUALIZACION DEL MINSA CROQUIS SOLO HASTA LA 968,,
1.13.104.966,2,0,09/24/09,2,1,0,0,0,0,0,,ACTUALIZACION DEL MINSA CROQUIS SOLO HASTA LA 969,,
1.13.104.989,,0,09/25/09,2,1,0,0,0,0,0,,ACTUALIZACION DEL MINSA CROQUIS SOLO HASTA LA 970,,
1.13.104.991,,0,09/25/09,2,1,0,0,0,0,0,,ACTUALIZACION DEL MINSA CROQUIS SOLO HASTA LA 971,,
1.13.104.971,,0,09/25/09,2,1,0,0,0,0,0,,ACTUALIZACION DEL MINSA CROQUIS SOLO HASTA LA 972,,
1.13.104.990,,0,09/25/09,2,1,0,0,0,0,0,,ACTUALIZACION DEL MINSA CROQUIS SOLO HASTA LA 973,,
1.13.104.986,,0,09/25/09,2,1,0,0,0,0,0,,ACTUALIZACION DEL MINSA CROQUIS SOLO HASTA LA 974,,
1.13.104.993,,0,09/25/09,2,1,0,0,0,0,0,,ACTUALIZACION DEL MINSA CROQUIS SOLO HASTA LA 975,,
1.13.104.962,,0,09/25/09,2,1,0,0,0,0,0,,ACTUALIZACION DEL MINSA CROQUIS SOLO HASTA LA 976,,
1.13.104.979,,0,09/25/09,2,1,0,0,0,0,0,,ACTUALIZACION DEL MINSA CROQUIS SOLO HASTA LA 977,,
1.13.104.988,,0,09/25/09,2,1,0,0,0,0,0,,ACTUALIZACION DEL MINSA CROQUIS SOLO HASTA LA 978,,
1.13.104.995,,0,09/30/09,2,1,0,0,0,0,0,,ACTUALIZACION DEL MINSA CROQUIS SOLO HASTA LA 979,,
1.13.104.964,,0,09/30/09,2,1,0,0,0,0,0,,ACTUALIZACION DEL MINSA CROQUIS SOLO HASTA LA 980,,
1.13.104.969,,0,09/30/09,2,1,0,0,0,0,0,,ACTUALIZACION DEL MINSA CROQUIS SOLO HASTA LA 981,,
1.13.104.980A,,0,09/30/09,2,1,0,0,0,0,0,,ACTUALIZACION DEL MINSA CROQUIS SOLO HASTA LA 982,,
1.13.104.980,,0,09/30/09,2,1,0,0,0,0,0,,ACTUALIZACION DEL MINSA CROQUIS SOLO HASTA LA 983,,
1.13.104.982,,0,09/30/09,2,1,0,0,0,0,0,,ACTUALIZACION DEL MINSA CROQUIS SOLO HASTA LA 984,,
1.13.104.984,,0,10/01/2009,2,1,0,0,0,0,0,,ACTUALIZACION DEL MINSA CROQUIS SOLO HASTA LA 985,,
1.13.104.983,,0,10/04/2009,2,1,0,0,0,0,0,,ACTUALIZACION DEL MINSA CROQUIS SOLO HASTA LA 986,,
1.13.99A.1,,0,09/25/09,2,1,0,0,0,0,0,,SOLO  TIENE ESA LOCALIDAD MINSA,,
1.13.99A.8,,0,09/25/09,2,1,0,0,0,0,0,,SOLO  TIENE ESA LOCALIDAD MINSA,,
1.13.99A.5,,0,09/25/09,2,1,0,0,0,0,0,,SOLO  TIENE ESA LOCALIDAD MINSA,,
1.13.99A.6,,0,09/25/09,2,1,0,0,0,0,0,,SOLO  TIENE ESA LOCALIDAD MINSA,,
1.13.99A.4,,0,09/25/09,2,1,0,0,0,0,0,,SOLO  TIENE ESA LOCALIDAD MINSA,,
1.13.99A.15,,0,10/14/09,2,1,0,0,0,0,0,,SOLO  TIENE ESA LOCALIDAD MINSA,,
1.13.99A.24,,0,10/15/09,2,1,0,0,0,0,0,,SOLO  TIENE ESA LOCALIDAD MINSA,,
1.13.99A.23,,0,10/15/09,2,1,0,0,0,0,0,,SOLO  TIENE ESA LOCALIDAD MINSA,,
1.13.99A.22,,0,10/15/09,2,1,0,0,0,0,0,,SOLO  TIENE ESA LOCALIDAD MINSA,,
1.13.99A.21,,0,10/15/09,2,1,0,0,0,0,0,,SOLO  TIENE ESA LOCALIDAD MINSA,,
1.13.99A.19,,0,10/15/09,2,1,0,0,0,0,0,,SOLO  TIENE ESA LOCALIDAD MINSA,,
1.13.99A.17,,0,10/15/09,2,1,0,0,0,0,0,,SOLO  TIENE ESA LOCALIDAD MINSA,,
1.13.99A.18,,0,10/15/09,2,1,0,0,0,0,0,,SOLO  TIENE ESA LOCALIDAD MINSA,,
1.13.99A.14,,0,10/20/09,2,1,0,0,0,0,0,,SOLO  TIENE ESA LOCALIDAD MINSA,,
1.13.99A.10,,0,10/20/09,2,1,0,0,0,0,0,,SOLO  TIENE ESA LOCALIDAD MINSA,,
1.13.99A.11,,0,10/20/09,2,1,0,0,0,0,0,,SOLO  TIENE ESA LOCALIDAD MINSA,,
1.13.99A.2,,0,10/20/09,2,1,0,0,0,0,0,,SOLO  TIENE ESA LOCALIDAD MINSA,,
1.13.97.72,,0,01/24/11,2,1,0,0,0,0,0,,SOLO TENEMOS 66 PUNTOS  EN EL CORQUIS ,,
1.13.97.71,,0,01/25/11,2,1,0,0,0,0,0,,SOLO TENEMOS 66 PUNTOS  EN EL CORQUIS ,,
1.13.97.69,,0,01/25/11,2,1,0,0,0,0,0,,SOLO TENEMOS 66 PUNTOS  EN EL CORQUIS ,,
1.13.104.984,,0,03/29/11,2,1,0,0,0,0,0,,ACTUALIZACION DEL MINSA CROQUIS SOLO HASTA LA 961,,
1.13.104.983,,0,03/29/11,2,1,0,0,0,0,0,,ACTUALIZACION DEL MINSA CROQUIS SOLO HASTA LA 962,,
1.13.104.988,,0,03/29/11,2,1,0,0,0,0,0,,ACTUALIZACION DEL MINSA CROQUIS SOLO HASTA LA 963,,
1.13.104.985,,0,03/29/11,2,1,0,0,0,0,0,,ACTUALIZACION DEL MINSA CROQUIS SOLO HASTA LA 964,,
1.13.104.986,,0,03/29/11,2,1,0,0,0,0,0,,ACTUALIZACION DEL MINSA CROQUIS SOLO HASTA LA 965,,
1.13.104.981,,0,03/29/11,2,1,0,0,0,0,0,,ACTUALIZACION DEL MINSA CROQUIS SOLO HASTA LA 966,,
1.13.104.979,,0,03/29/11,2,1,0,0,0,0,0,,ACTUALIZACION DEL MINSA CROQUIS SOLO HASTA LA 967,,
1.13.104.973,,0,03/30/11,2,1,0,0,0,0,0,,ACTUALIZACION DEL MINSA CROQUIS SOLO HASTA LA 968,,
1.13.104.972,,0,03/30/11,2,1,0,0,0,0,0,,ACTUALIZACION DEL MINSA CROQUIS SOLO HASTA LA 969,,
1.13.104.980,,0,03/30/11,2,1,0,0,0,0,0,,ACTUALIZACION DEL MINSA CROQUIS SOLO HASTA LA 970,,
1.13.104.980A,,0,03/30/11,2,1,0,0,0,0,0,,ACTUALIZACION DEL MINSA CROQUIS SOLO HASTA LA 971,,
1.13.104.990,,0,03/30/11,2,1,0,0,0,0,0,,ACTUALIZACION DEL MINSA CROQUIS SOLO HASTA LA 972,,
1.13.104.967,,0,03/30/11,2,1,0,0,0,0,0,,ACTUALIZACION DEL MINSA CROQUIS SOLO HASTA LA 973,,
1.13.104.964,,0,03/31/11,2,1,0,0,0,0,0,,ACTUALIZACION DEL MINSA CROQUIS SOLO HASTA LA 974,,
1.13.104.968,,0,03/31/11,2,1,0,0,0,0,0,,ACTUALIZACION DEL MINSA CROQUIS SOLO HASTA LA 975,,
1.13.104.977,,0,03/31/11,2,1,0,0,0,0,0,,ACTUALIZACION DEL MINSA CROQUIS SOLO HASTA LA 976,,
1.13.104.966,,0,04/01/2011,2,1,0,0,0,0,0,,ACTUALIZACION DEL MINSA CROQUIS SOLO HASTA LA 977,,
1.13.104.963,,0,04/01/2011,2,1,0,0,0,0,0,,ACTUALIZACION DEL MINSA CROQUIS SOLO HASTA LA 978,,
1.13.104.971,,0,04/01/2011,2,1,0,0,0,0,0,,ACTUALIZACION DEL MINSA CROQUIS SOLO HASTA LA 979,,
1.13.104.970,,0,04/01/2011,2,1,0,0,0,0,0,,ACTUALIZACION DEL MINSA CROQUIS SOLO HASTA LA 980,,
